Student_ID,Name,Gender,Accounts,Business_Studies,Economics,Average_Score,Future_Career
1,Myra Das,Male,60,79,96,78.33,Tax Consultant
2,Rohan Ghosh,Female,80,67,81,76.0,Chartered Accountant
3,Ishaan Gupta,Male,62,75,90,75.67,Auditor
4,Anika Gupta,Male,60,66,70,65.33,Marketing Executive
5,Ishaan Mehta,Male,86,78,79,81.0,Economist
6,Aadhya Singh,Male,80,89,85,84.67,Auditor
7,Arjun Tiwari,Female,80,94,92,88.67,Entrepreneur
8,Ananya Verma,Male,88,98,67,84.33,Company Secretary
9,Ayaan Das,Female,97,97,61,85.0,Economist
10,Diya Reddy,Male,67,74,94,78.33,Entrepreneur
11,Ayaan Sharma,Female,70,78,82,76.67,Chartered Accountant
12,Ira Nair,Male,86,60,81,75.67,Business Manager
13,Krishna Ghosh,Male,68,62,89,73.0,Economist
14,Ira Verma,Male,88,95,84,89.0,Company Secretary
15,Myra Yadav,Female,77,79,87,81.0,Investment Banker
16,Kiara Pillai,Male,100,76,77,84.33,Business Manager
17,Aarav Singh,Male,86,92,82,86.67,Entrepreneur
18,Rohan Pillai,Male,88,65,84,79.0,Company Secretary
19,Aarav Ghosh,Male,86,63,83,77.33,Marketing Executive
20,Anika Mishra,Male,60,91,65,72.0,Business Manager
21,Pari Singh,Female,99,76,70,81.67,Business Manager
22,Aarav Bansal,Female,69,70,72,70.33,Financial Analyst
23,Ayaan Chopra,Female,98,92,82,90.67,Company Secretary
24,Vivaan Chopra,Male,100,73,77,83.33,Business Manager
25,Anika Mehta,Male,79,79,65,74.33,Auditor
26,Aadhya Chopra,Female,77,89,96,87.33,Company Secretary
27,Anika Chopra,Female,70,98,76,81.33,Company Secretary
28,Diya Malhotra,Male,96,93,66,85.0,Auditor
29,Saanvi Reddy,Male,96,82,84,87.33,Business Manager
30,Krishna Sharma,Female,92,99,82,91.0,Financial Analyst
31,Arjun Das,Female,61,65,92,72.67,Business Manager
32,Meera Nair,Female,97,86,99,94.0,Business Manager
33,Aadhya Patel,Male,86,99,86,90.33,Entrepreneur
34,Aarav Singh,Male,81,100,78,86.33,Auditor
35,Diya Malhotra,Male,69,74,86,76.33,Company Secretary
36,Ishaan Ghosh,Male,80,97,79,85.33,Economist
37,Myra Joshi,Female,97,67,75,79.67,Business Manager
38,Vihaan Joshi,Female,86,62,94,80.67,Company Secretary
39,Myra Patel,Female,92,70,75,79.0,Investment Banker
40,Ishaan Singh,Male,76,81,82,79.67,Entrepreneur
41,Saanvi Kapoor,Male,80,67,98,81.67,Financial Analyst
42,Krishna Reddy,Female,60,63,63,62.0,Tax Consultant
43,Diya Kumar,Male,89,75,83,82.33,Tax Consultant
44,Diya Das,Male,82,100,73,85.0,Economist
45,Meera Yadav,Female,60,90,82,77.33,Economist
46,Vivaan Malhotra,Male,84,73,62,73.0,Financial Analyst
47,Diya Joshi,Male,99,67,81,82.33,Business Manager
48,Rohan Joshi,Male,68,74,92,78.0,Company Secretary
49,Ananya Ghosh,Male,66,98,88,84.0,Financial Analyst
50,Ira Kumar,Male,70,60,73,67.67,Tax Consultant
51,Anika Nair,Male,91,79,64,78.0,Auditor
52,Anika Tiwari,Male,67,90,78,78.33,Economist
53,Rohan Singh,Female,93,92,69,84.67,Financial Analyst
54,Aarav Bansal,Female,77,91,81,83.0,Financial Analyst
55,Aarav Joshi,Female,64,70,89,74.33,Marketing Executive
56,Ayaan Kumar,Female,80,78,75,77.67,Business Manager
57,Ira Sharma,Male,60,72,97,76.33,Business Manager
58,Myra Malhotra,Male,93,70,83,82.0,Economist
59,Ananya Malhotra,Female,82,95,76,84.33,Economist
60,Krishna Nair,Female,92,100,97,96.33,Company Secretary
61,Myra Das,Male,94,87,98,93.0,Economist
62,Vivaan Nair,Female,68,92,79,79.67,Entrepreneur
63,Ishaan Mehta,Female,80,86,83,83.0,Chartered Accountant
64,Kiara Bansal,Female,81,78,67,75.33,Marketing Executive
65,Vivaan Das,Female,63,87,78,76.0,Tax Consultant
66,Ananya Malhotra,Male,99,70,94,87.67,Financial Analyst
67,Ananya Sharma,Female,99,82,68,83.0,Economist
68,Ayaan Sharma,Female,66,96,64,75.33,Economist
69,Vihaan Singh,Female,100,78,63,80.33,Auditor
70,Ishaan Reddy,Female,78,65,61,68.0,Marketing Executive
71,Ira Malhotra,Male,88,96,100,94.67,Chartered Accountant
72,Rohan Mishra,Male,88,98,81,89.0,Marketing Executive
73,Aditya Reddy,Male,88,77,83,82.67,Entrepreneur
74,Vihaan Ghosh,Male,65,88,85,79.33,Business Manager
75,Reyansh Joshi,Female,79,99,84,87.33,Tax Consultant
76,Meera Kapoor,Male,92,67,63,74.0,Marketing Executive
77,Vihaan Bansal,Female,76,97,93,88.67,Business Manager
78,Vivaan Tiwari,Male,67,72,81,73.33,Entrepreneur
79,Anika Mehta,Male,60,68,84,70.67,Chartered Accountant
80,Saanvi Mehta,Male,92,72,72,78.67,Business Manager
81,Krishna Gupta,Male,90,62,95,82.33,Financial Analyst
82,Anika Chopra,Female,63,73,65,67.0,Tax Consultant
83,Ishaan Das,Male,72,85,64,73.67,Entrepreneur
84,Aadhya Malhotra,Female,78,87,75,80.0,Tax Consultant
85,Kiara Tiwari,Female,97,61,65,74.33,Financial Analyst
86,Saanvi Pillai,Male,77,89,85,83.67,Entrepreneur
87,Ananya Mishra,Female,81,100,64,81.67,Investment Banker
88,Aadhya Das,Male,85,65,76,75.33,Tax Consultant
89,Aarav Kapoor,Male,92,68,64,74.67,Company Secretary
90,Aditya Sharma,Female,83,64,63,70.0,Marketing Executive
91,Rohan Das,Female,69,62,94,75.0,Investment Banker
92,Aarav Reddy,Female,91,95,61,82.33,Company Secretary
93,Reyansh Bansal,Female,88,82,90,86.67,Chartered Accountant
94,Aadhya Joshi,Female,92,69,90,83.67,Business Manager
95,Meera Yadav,Female,74,67,84,75.0,Auditor
96,Vivaan Mehta,Female,93,89,76,86.0,Economist
97,Pari Mishra,Female,100,74,74,82.67,Company Secretary
98,Ishaan Joshi,Male,61,90,100,83.67,Company Secretary
99,Diya Nair,Male,61,93,70,74.67,Entrepreneur
100,Pari Ghosh,Female,93,94,100,95.67,Marketing Executive
101,Rohan Pillai,Female,97,77,92,88.67,Economist
102,Saanvi Mishra,Male,95,88,99,94.0,Company Secretary
103,Meera Gupta,Female,71,93,64,76.0,Entrepreneur
104,Meera Sharma,Male,71,83,69,74.33,Entrepreneur
105,Arjun Yadav,Female,66,90,96,84.0,Auditor
106,Pari Yadav,Female,75,73,74,74.0,Marketing Executive
107,Ayaan Kapoor,Male,83,88,88,86.33,Business Manager
108,Pari Ghosh,Male,72,89,83,81.33,Financial Analyst
109,Aadhya Chopra,Female,82,83,71,78.67,Auditor
110,Pari Malhotra,Male,63,63,100,75.33,Company Secretary
111,Pari Pillai,Male,64,87,78,76.33,Marketing Executive
112,Saanvi Tiwari,Female,68,83,75,75.33,Auditor
113,Meera Malhotra,Female,88,100,83,90.33,Tax Consultant
114,Kiara Kumar,Female,72,96,83,83.67,Entrepreneur
115,Vihaan Verma,Female,80,91,90,87.0,Financial Analyst
116,Krishna Malhotra,Male,93,81,67,80.33,Entrepreneur
117,Aadhya Joshi,Male,94,60,98,84.0,Chartered Accountant
118,Pari Das,Female,81,81,73,78.33,Entrepreneur
119,Diya Bansal,Male,85,82,82,83.0,Chartered Accountant
120,Ayaan Malhotra,Female,74,91,80,81.67,Business Manager
121,Meera Malhotra,Male,73,83,69,75.0,Chartered Accountant
122,Ananya Malhotra,Male,77,83,80,80.0,Entrepreneur
123,Aadhya Mishra,Male,78,77,77,77.33,Business Manager
124,Aditya Gupta,Male,68,82,82,77.33,Financial Analyst
125,Saanvi Joshi,Male,83,73,80,78.67,Marketing Executive
126,Ananya Ghosh,Female,63,62,65,63.33,Marketing Executive
127,Rohan Sharma,Female,85,64,60,69.67,Auditor
128,Meera Kapoor,Female,90,86,95,90.33,Chartered Accountant
129,Ananya Mishra,Male,67,67,82,72.0,Business Manager
130,Vihaan Joshi,Male,82,98,74,84.67,Investment Banker
131,Arjun Kumar,Female,79,76,96,83.67,Economist
132,Ishaan Yadav,Male,92,68,86,82.0,Marketing Executive
133,Ira Verma,Female,72,70,76,72.67,Marketing Executive
134,Anika Tiwari,Female,92,97,68,85.67,Business Manager
135,Ishaan Tiwari,Female,63,79,79,73.67,Marketing Executive
136,Aadhya Joshi,Male,100,67,88,85.0,Economist
137,Saanvi Tiwari,Male,80,97,81,86.0,Entrepreneur
138,Ishaan Das,Male,91,78,84,84.33,Economist
139,Myra Patel,Female,74,73,65,70.67,Business Manager
140,Ishaan Chopra,Male,67,63,91,73.67,Chartered Accountant
141,Meera Pillai,Male,77,78,97,84.0,Investment Banker
142,Ayaan Bansal,Male,96,66,71,77.67,Financial Analyst
143,Ira Mehta,Male,98,72,60,76.67,Entrepreneur
144,Ira Mehta,Female,74,91,90,85.0,Investment Banker
145,Aadhya Mishra,Female,79,61,73,71.0,Tax Consultant
146,Rohan Mishra,Female,81,89,89,86.33,Financial Analyst
147,Aditya Nair,Male,61,71,75,69.0,Auditor
148,Aarav Malhotra,Female,60,67,91,72.67,Company Secretary
149,Ananya Reddy,Male,61,94,77,77.33,Tax Consultant
150,Ira Ghosh,Male,96,81,87,88.0,Business Manager
151,Reyansh Malhotra,Female,89,62,67,72.67,Company Secretary
152,Diya Yadav,Female,66,67,67,66.67,Marketing Executive
153,Ayaan Reddy,Male,79,90,100,89.67,Auditor
154,Reyansh Patel,Male,93,75,85,84.33,Marketing Executive
155,Meera Mehta,Female,81,89,76,82.0,Entrepreneur
156,Ayaan Pillai,Female,89,66,100,85.0,Financial Analyst
157,Kiara Nair,Female,82,99,87,89.33,Investment Banker
158,Rohan Malhotra,Female,61,70,70,67.0,Economist
159,Kiara Chopra,Female,72,87,71,76.67,Marketing Executive
160,Saanvi Gupta,Male,90,95,86,90.33,Tax Consultant
161,Aditya Verma,Male,92,91,77,86.67,Financial Analyst
162,Ayaan Nair,Male,83,97,99,93.0,Financial Analyst
163,Aditya Singh,Female,96,81,97,91.33,Entrepreneur
164,Vihaan Tiwari,Female,61,95,88,81.33,Business Manager
165,Vivaan Nair,Male,100,93,98,97.0,Chartered Accountant
166,Myra Singh,Female,71,97,67,78.33,Tax Consultant
167,Ananya Singh,Female,70,92,85,82.33,Company Secretary
168,Rohan Reddy,Female,99,62,65,75.33,Entrepreneur
169,Myra Reddy,Female,83,77,65,75.0,Business Manager
170,Anika Gupta,Male,81,60,67,69.33,Chartered Accountant
171,Krishna Reddy,Male,69,98,71,79.33,Business Manager
172,Aadhya Joshi,Male,86,88,63,79.0,Financial Analyst
173,Krishna Tiwari,Male,87,65,97,83.0,Chartered Accountant
174,Aadhya Nair,Female,75,84,74,77.67,Marketing Executive
175,Kiara Bansal,Male,99,70,62,77.0,Marketing Executive
176,Kiara Patel,Female,62,69,95,75.33,Economist
177,Aditya Ghosh,Male,88,88,88,88.0,Auditor
178,Pari Bansal,Female,99,64,77,80.0,Business Manager
179,Myra Pillai,Female,88,98,68,84.67,Business Manager
180,Myra Ghosh,Male,78,79,73,76.67,Auditor
181,Diya Verma,Female,63,72,81,72.0,Business Manager
182,Ayaan Mehta,Female,89,60,70,73.0,Entrepreneur
183,Ananya Sharma,Female,80,88,73,80.33,Tax Consultant
184,Saanvi Mehta,Male,74,70,93,79.0,Entrepreneur
185,Kiara Mishra,Male,87,65,69,73.67,Tax Consultant
186,Diya Bansal,Male,90,63,69,74.0,Investment Banker
187,Reyansh Singh,Male,93,69,77,79.67,Investment Banker
188,Saanvi Gupta,Male,80,90,92,87.33,Auditor
189,Myra Singh,Male,86,73,61,73.33,Marketing Executive
190,Ira Ghosh,Male,77,62,83,74.0,Investment Banker
191,Kiara Das,Male,66,74,96,78.67,Business Manager
192,Kiara Chopra,Male,72,97,95,88.0,Tax Consultant
193,Reyansh Gupta,Male,74,65,88,75.67,Tax Consultant
194,Vivaan Kumar,Male,95,68,66,76.33,Marketing Executive
195,Pari Yadav,Male,83,68,72,74.33,Business Manager
196,Ira Yadav,Male,78,71,64,71.0,Business Manager
197,Krishna Das,Male,76,82,81,79.67,Economist
198,Rohan Mishra,Male,80,65,68,71.0,Economist
199,Aditya Chopra,Male,64,60,66,63.33,Company Secretary
200,Diya Mehta,Male,87,92,65,81.33,Company Secretary
201,Ayaan Joshi,Male,63,68,70,67.0,Company Secretary
202,Arjun Joshi,Female,80,66,81,75.67,Tax Consultant
203,Vivaan Kapoor,Male,69,61,82,70.67,Auditor
204,Aadhya Kapoor,Male,100,62,85,82.33,Tax Consultant
205,Aarav Singh,Male,61,67,88,72.0,Marketing Executive
206,Rohan Yadav,Female,65,85,79,76.33,Auditor
207,Rohan Ghosh,Male,62,96,85,81.0,Entrepreneur
208,Meera Joshi,Female,90,77,70,79.0,Marketing Executive
209,Diya Mishra,Male,64,87,66,72.33,Economist
210,Aadhya Verma,Female,77,94,80,83.67,Company Secretary
211,Kiara Ghosh,Female,68,90,86,81.33,Entrepreneur
212,Aarav Tiwari,Male,65,89,65,73.0,Financial Analyst
213,Rohan Reddy,Female,98,84,60,80.67,Tax Consultant
214,Aditya Kumar,Female,77,93,77,82.33,Marketing Executive
215,Ishaan Mehta,Female,93,87,69,83.0,Marketing Executive
216,Krishna Nair,Male,92,61,95,82.67,Chartered Accountant
217,Meera Malhotra,Female,76,67,88,77.0,Investment Banker
218,Pari Gupta,Male,84,87,86,85.67,Tax Consultant
219,Rohan Reddy,Female,80,93,60,77.67,Financial Analyst
220,Aditya Malhotra,Female,71,90,84,81.67,Marketing Executive
221,Vivaan Mishra,Male,87,100,100,95.67,Auditor
222,Arjun Mishra,Female,65,81,87,77.67,Entrepreneur
223,Kiara Kumar,Female,60,97,72,76.33,Investment Banker
224,Kiara Gupta,Female,88,70,92,83.33,Business Manager
225,Reyansh Verma,Male,72,82,98,84.0,Financial Analyst
226,Aarav Verma,Female,82,69,78,76.33,Investment Banker
227,Ishaan Nair,Female,82,77,89,82.67,Tax Consultant
228,Kiara Tiwari,Male,74,84,66,74.67,Tax Consultant
229,Arjun Reddy,Male,100,95,77,90.67,Tax Consultant
230,Saanvi Kapoor,Female,68,81,98,82.33,Tax Consultant
231,Krishna Ghosh,Female,69,73,92,78.0,Tax Consultant
232,Ira Singh,Female,87,93,89,89.67,Financial Analyst
233,Ayaan Patel,Female,69,92,98,86.33,Auditor
234,Pari Tiwari,Male,66,93,82,80.33,Auditor
235,Aadhya Kumar,Female,61,80,61,67.33,Entrepreneur
236,Ayaan Ghosh,Male,100,98,61,86.33,Investment Banker
237,Saanvi Malhotra,Female,93,81,97,90.33,Marketing Executive
238,Myra Reddy,Female,72,82,87,80.33,Chartered Accountant
239,Aarav Mishra,Male,64,96,75,78.33,Financial Analyst
240,Ananya Patel,Male,81,62,85,76.0,Marketing Executive
241,Rohan Joshi,Female,64,98,92,84.67,Auditor
242,Pari Tiwari,Male,96,87,68,83.67,Auditor
243,Rohan Gupta,Male,81,79,93,84.33,Economist
244,Pari Mishra,Male,82,75,67,74.67,Economist
245,Ira Patel,Male,97,62,64,74.33,Economist
246,Vivaan Kumar,Male,100,72,75,82.33,Marketing Executive
247,Pari Verma,Male,97,69,70,78.67,Chartered Accountant
248,Meera Mishra,Male,63,100,74,79.0,Entrepreneur
249,Myra Tiwari,Female,93,90,85,89.33,Auditor
250,Vivaan Pillai,Female,99,79,95,91.0,Economist
251,Ananya Ghosh,Female,77,72,65,71.33,Business Manager
252,Aarav Yadav,Male,96,69,79,81.33,Financial Analyst
253,Ayaan Malhotra,Female,70,89,69,76.0,Business Manager
254,Diya Ghosh,Female,63,88,77,76.0,Auditor
255,Ira Pillai,Male,83,63,66,70.67,Tax Consultant
256,Meera Pillai,Male,94,68,94,85.33,Marketing Executive
257,Ananya Mehta,Male,100,64,89,84.33,Business Manager
258,Aarav Verma,Male,81,74,98,84.33,Chartered Accountant
259,Diya Verma,Female,63,81,65,69.67,Business Manager
260,Pari Kumar,Male,78,82,88,82.67,Economist
261,Meera Pillai,Male,86,79,79,81.33,Entrepreneur
262,Aadhya Pillai,Male,86,100,85,90.33,Chartered Accountant
263,Vihaan Gupta,Male,95,75,67,79.0,Marketing Executive
264,Aadhya Joshi,Male,84,74,73,77.0,Financial Analyst
265,Meera Sharma,Male,97,88,66,83.67,Entrepreneur
266,Meera Das,Female,74,80,65,73.0,Marketing Executive
267,Anika Gupta,Male,100,90,67,85.67,Investment Banker
268,Pari Chopra,Female,62,95,67,74.67,Chartered Accountant
269,Reyansh Mishra,Female,67,85,98,83.33,Company Secretary
270,Meera Ghosh,Male,78,91,84,84.33,Auditor
271,Myra Kumar,Male,68,64,74,68.67,Economist
272,Diya Tiwari,Male,74,63,100,79.0,Entrepreneur
273,Reyansh Bansal,Female,97,66,91,84.67,Auditor
274,Aadhya Tiwari,Male,64,100,71,78.33,Chartered Accountant
275,Kiara Ghosh,Female,77,62,88,75.67,Investment Banker
276,Aditya Yadav,Female,79,70,69,72.67,Economist
277,Vihaan Tiwari,Male,64,97,94,85.0,Marketing Executive
278,Reyansh Pillai,Male,83,93,71,82.33,Auditor
279,Aadhya Mehta,Male,86,83,88,85.67,Entrepreneur
280,Diya Chopra,Female,76,61,83,73.33,Chartered Accountant
281,Pari Yadav,Female,63,62,68,64.33,Marketing Executive
282,Meera Malhotra,Male,82,76,88,82.0,Chartered Accountant
283,Aarav Kapoor,Female,68,99,67,78.0,Marketing Executive
284,Arjun Joshi,Male,78,76,98,84.0,Auditor
285,Vihaan Bansal,Female,84,81,76,80.33,Marketing Executive
286,Saanvi Singh,Male,70,92,72,78.0,Auditor
287,Anika Joshi,Male,72,79,72,74.33,Entrepreneur
288,Aditya Patel,Female,97,94,80,90.33,Company Secretary
289,Reyansh Bansal,Female,69,99,91,86.33,Company Secretary
290,Ishaan Malhotra,Male,86,75,100,87.0,Financial Analyst
291,Kiara Patel,Female,98,74,98,90.0,Entrepreneur
292,Aadhya Kumar,Male,68,71,62,67.0,Company Secretary
293,Ayaan Das,Female,72,68,80,73.33,Investment Banker
294,Ayaan Verma,Male,60,97,80,79.0,Investment Banker
295,Ira Patel,Female,97,88,100,95.0,Entrepreneur
296,Vihaan Joshi,Female,80,72,90,80.67,Financial Analyst
297,Aadhya Malhotra,Male,94,68,80,80.67,Entrepreneur
298,Aadhya Bansal,Female,100,94,68,87.33,Marketing Executive
299,Vihaan Joshi,Male,73,72,72,72.33,Entrepreneur
300,Anika Pillai,Female,79,61,81,73.67,Economist
301,Ira Joshi,Male,61,79,85,75.0,Financial Analyst
302,Vivaan Patel,Female,78,65,67,70.0,Business Manager
303,Vihaan Tiwari,Male,74,83,83,80.0,Tax Consultant
304,Ayaan Chopra,Female,96,79,89,88.0,Business Manager
305,Arjun Verma,Male,64,76,86,75.33,Company Secretary
306,Ishaan Yadav,Female,60,74,70,68.0,Marketing Executive
307,Ira Kumar,Male,92,62,77,77.0,Auditor
308,Anika Tiwari,Male,73,76,85,78.0,Business Manager
309,Kiara Singh,Female,69,92,62,74.33,Economist
310,Aditya Kapoor,Female,76,80,90,82.0,Investment Banker
311,Diya Malhotra,Male,63,82,77,74.0,Company Secretary
312,Ira Malhotra,Female,71,78,78,75.67,Entrepreneur
313,Krishna Pillai,Female,91,93,86,90.0,Auditor
314,Arjun Chopra,Male,78,89,71,79.33,Investment Banker
315,Myra Ghosh,Female,100,91,72,87.67,Economist
316,Reyansh Sharma,Female,69,92,88,83.0,Financial Analyst
317,Ira Yadav,Female,98,60,84,80.67,Business Manager
318,Vivaan Malhotra,Female,84,92,68,81.33,Financial Analyst
319,Arjun Das,Female,95,83,62,80.0,Tax Consultant
320,Anika Sharma,Male,95,65,66,75.33,Chartered Accountant
321,Meera Bansal,Male,79,74,86,79.67,Investment Banker
322,Myra Bansal,Female,60,94,94,82.67,Tax Consultant
323,Ira Sharma,Male,83,85,77,81.67,Chartered Accountant
324,Rohan Joshi,Female,61,87,98,82.0,Economist
325,Kiara Malhotra,Female,84,100,98,94.0,Financial Analyst
326,Ananya Patel,Female,62,60,69,63.67,Investment Banker
327,Ishaan Ghosh,Female,63,86,96,81.67,Chartered Accountant
328,Anika Singh,Female,64,60,66,63.33,Marketing Executive
329,Myra Chopra,Female,94,91,69,84.67,Tax Consultant
330,Aarav Sharma,Female,83,66,93,80.67,Investment Banker
331,Aarav Verma,Female,72,73,65,70.0,Auditor
332,Kiara Sharma,Male,72,79,72,74.33,Company Secretary
333,Rohan Bansal,Male,96,65,87,82.67,Chartered Accountant
334,Aadhya Chopra,Female,84,67,70,73.67,Financial Analyst
335,Kiara Ghosh,Male,87,75,97,86.33,Marketing Executive
336,Meera Das,Female,88,64,61,71.0,Chartered Accountant
337,Ira Pillai,Female,78,83,90,83.67,Investment Banker
338,Aarav Patel,Female,78,63,84,75.0,Financial Analyst
339,Vivaan Singh,Male,64,62,88,71.33,Tax Consultant
340,Myra Mishra,Male,82,60,87,76.33,Economist
341,Ayaan Ghosh,Male,65,66,87,72.67,Auditor
342,Diya Nair,Male,98,76,98,90.67,Chartered Accountant
343,Vivaan Tiwari,Male,82,63,74,73.0,Company Secretary
344,Ananya Nair,Male,77,100,84,87.0,Tax Consultant
345,Vihaan Ghosh,Male,74,88,99,87.0,Chartered Accountant
346,Kiara Kapoor,Female,61,95,95,83.67,Business Manager
347,Krishna Nair,Female,74,82,62,72.67,Entrepreneur
348,Vihaan Pillai,Female,78,66,95,79.67,Entrepreneur
349,Saanvi Das,Male,71,79,71,73.67,Company Secretary
350,Reyansh Ghosh,Male,66,84,78,76.0,Investment Banker
351,Ira Patel,Male,71,100,98,89.67,Marketing Executive
352,Aditya Singh,Female,74,65,60,66.33,Auditor
353,Meera Tiwari,Female,99,72,100,90.33,Investment Banker
354,Arjun Sharma,Male,74,86,83,81.0,Entrepreneur
355,Anika Singh,Male,66,64,98,76.0,Auditor
356,Ayaan Ghosh,Male,62,98,72,77.33,Tax Consultant
357,Rohan Mehta,Male,67,66,70,67.67,Auditor
358,Pari Pillai,Male,63,83,88,78.0,Auditor
359,Myra Chopra,Female,86,98,83,89.0,Entrepreneur
360,Aadhya Reddy,Female,70,85,100,85.0,Tax Consultant
361,Aadhya Bansal,Female,70,89,67,75.33,Chartered Accountant
362,Aditya Reddy,Female,89,99,73,87.0,Auditor
363,Ananya Bansal,Female,62,77,83,74.0,Auditor
364,Aditya Kapoor,Male,81,96,91,89.33,Chartered Accountant
365,Vivaan Kapoor,Female,97,76,83,85.33,Business Manager
366,Myra Verma,Male,61,62,64,62.33,Investment Banker
367,Ishaan Nair,Male,60,61,91,70.67,Economist
368,Vihaan Verma,Female,68,79,68,71.67,Investment Banker
369,Ishaan Joshi,Male,94,86,76,85.33,Investment Banker
370,Aditya Bansal,Female,72,89,65,75.33,Company Secretary
371,Kiara Reddy,Female,87,75,71,77.67,Entrepreneur
372,Kiara Sharma,Female,97,100,66,87.67,Tax Consultant
373,Ira Sharma,Female,88,77,67,77.33,Entrepreneur
374,Anika Reddy,Female,82,83,60,75.0,Chartered Accountant
375,Aadhya Ghosh,Female,67,73,61,67.0,Tax Consultant
376,Vihaan Ghosh,Male,86,60,87,77.67,Investment Banker
377,Meera Pillai,Male,98,81,73,84.0,Business Manager
378,Myra Mehta,Male,87,66,84,79.0,Entrepreneur
379,Kiara Yadav,Female,89,82,95,88.67,Entrepreneur
380,Aditya Bansal,Female,78,100,79,85.67,Economist
381,Ayaan Chopra,Female,96,74,61,77.0,Chartered Accountant
382,Myra Pillai,Male,68,81,77,75.33,Chartered Accountant
383,Vivaan Kumar,Female,60,70,69,66.33,Entrepreneur
384,Saanvi Nair,Female,61,92,72,75.0,Company Secretary
385,Vivaan Mehta,Female,96,86,82,88.0,Tax Consultant
386,Ayaan Mehta,Female,100,67,62,76.33,Company Secretary
387,Ananya Pillai,Female,80,62,87,76.33,Financial Analyst
388,Krishna Mehta,Male,95,85,74,84.67,Auditor
389,Vihaan Sharma,Male,70,64,68,67.33,Auditor
390,Arjun Chopra,Female,68,74,97,79.67,Auditor
391,Vihaan Reddy,Male,61,70,100,77.0,Chartered Accountant
392,Anika Malhotra,Male,98,85,83,88.67,Financial Analyst
393,Saanvi Tiwari,Male,83,96,87,88.67,Entrepreneur
394,Anika Mehta,Female,69,76,80,75.0,Economist
395,Rohan Singh,Male,82,63,86,77.0,Business Manager
396,Ananya Das,Female,62,95,77,78.0,Entrepreneur
397,Saanvi Yadav,Female,89,82,79,83.33,Tax Consultant
398,Aditya Mehta,Female,72,100,77,83.0,Financial Analyst
399,Vivaan Kumar,Male,82,60,92,78.0,Marketing Executive
400,Myra Pillai,Female,72,74,69,71.67,Economist
401,Ayaan Kumar,Male,86,92,64,80.67,Auditor
402,Saanvi Bansal,Male,80,95,87,87.33,Auditor
403,Reyansh Singh,Female,65,81,92,79.33,Tax Consultant
404,Krishna Nair,Male,79,92,92,87.67,Chartered Accountant
405,Anika Mishra,Male,70,87,60,72.33,Investment Banker
406,Vivaan Reddy,Male,97,73,80,83.33,Financial Analyst
407,Aarav Joshi,Female,80,68,80,76.0,Business Manager
408,Ira Gupta,Male,83,96,63,80.67,Marketing Executive
409,Pari Nair,Male,82,99,95,92.0,Tax Consultant
410,Anika Ghosh,Male,72,86,92,83.33,Investment Banker
411,Ananya Pillai,Male,86,92,71,83.0,Financial Analyst
412,Arjun Kapoor,Female,73,73,75,73.67,Investment Banker
413,Myra Gupta,Female,81,76,96,84.33,Marketing Executive
414,Ananya Chopra,Female,82,79,66,75.67,Chartered Accountant
415,Krishna Sharma,Female,83,74,84,80.33,Financial Analyst
416,Ananya Gupta,Male,68,96,91,85.0,Company Secretary
417,Vihaan Malhotra,Male,86,78,90,84.67,Business Manager
418,Myra Verma,Male,86,72,71,76.33,Company Secretary
419,Meera Tiwari,Female,86,82,82,83.33,Business Manager
420,Kiara Yadav,Male,89,60,80,76.33,Investment Banker
421,Arjun Reddy,Male,90,65,65,73.33,Investment Banker
422,Arjun Pillai,Female,74,73,71,72.67,Marketing Executive
423,Rohan Reddy,Male,84,69,60,71.0,Financial Analyst
424,Vivaan Patel,Male,75,66,67,69.33,Financial Analyst
425,Rohan Das,Male,81,93,85,86.33,Investment Banker
426,Reyansh Verma,Female,88,61,67,72.0,Entrepreneur
427,Ayaan Patel,Female,78,65,95,79.33,Company Secretary
428,Ira Mishra,Female,91,98,98,95.67,Tax Consultant
429,Pari Malhotra,Male,65,74,79,72.67,Entrepreneur
430,Reyansh Malhotra,Female,100,79,87,88.67,Investment Banker
431,Ira Verma,Female,67,72,61,66.67,Business Manager
432,Saanvi Bansal,Male,60,92,61,71.0,Company Secretary
433,Aditya Malhotra,Male,70,90,93,84.33,Tax Consultant
434,Vihaan Tiwari,Male,85,60,96,80.33,Economist
435,Aarav Nair,Female,84,76,85,81.67,Marketing Executive
436,Saanvi Verma,Male,96,82,79,85.67,Tax Consultant
437,Ananya Das,Female,65,74,74,71.0,Tax Consultant
438,Pari Chopra,Female,67,78,82,75.67,Entrepreneur
439,Aadhya Tiwari,Male,65,87,91,81.0,Chartered Accountant
440,Arjun Das,Male,100,91,93,94.67,Marketing Executive
441,Ishaan Verma,Male,73,96,84,84.33,Investment Banker
442,Pari Pillai,Female,87,89,94,90.0,Company Secretary
443,Aditya Gupta,Female,83,92,66,80.33,Tax Consultant
444,Aarav Joshi,Female,62,95,66,74.33,Business Manager
445,Vivaan Singh,Female,92,71,85,82.67,Company Secretary
446,Vihaan Das,Male,96,77,93,88.67,Chartered Accountant
447,Vivaan Das,Female,88,92,76,85.33,Marketing Executive
448,Aarav Sharma,Female,70,93,77,80.0,Company Secretary
449,Krishna Singh,Female,80,93,96,89.67,Entrepreneur
450,Pari Verma,Male,81,74,83,79.33,Chartered Accountant
451,Ananya Tiwari,Male,69,87,68,74.67,Investment Banker
452,Saanvi Gupta,Male,84,86,91,87.0,Chartered Accountant
453,Kiara Gupta,Male,78,67,75,73.33,Tax Consultant
454,Myra Mishra,Female,60,96,64,73.33,Entrepreneur
455,Myra Yadav,Female,82,78,69,76.33,Entrepreneur
456,Meera Kumar,Male,88,73,90,83.67,Business Manager
457,Anika Malhotra,Male,81,60,79,73.33,Chartered Accountant
458,Anika Kumar,Male,100,76,96,90.67,Marketing Executive
459,Aadhya Ghosh,Female,65,75,72,70.67,Financial Analyst
460,Vihaan Verma,Female,61,71,95,75.67,Chartered Accountant
461,Diya Ghosh,Male,63,94,81,79.33,Marketing Executive
462,Myra Yadav,Male,91,77,75,81.0,Investment Banker
463,Vivaan Kapoor,Female,91,63,80,78.0,Tax Consultant
464,Diya Sharma,Female,67,84,62,71.0,Auditor
465,Anika Gupta,Male,95,75,79,83.0,Financial Analyst
466,Rohan Singh,Male,78,68,78,74.67,Investment Banker
467,Ira Nair,Male,72,78,66,72.0,Marketing Executive
468,Diya Ghosh,Female,82,80,67,76.33,Investment Banker
469,Reyansh Pillai,Male,80,89,97,88.67,Economist
470,Saanvi Tiwari,Female,92,86,73,83.67,Auditor
471,Ira Mishra,Female,65,67,96,76.0,Company Secretary
472,Anika Chopra,Female,100,91,64,85.0,Company Secretary
473,Aadhya Das,Male,72,64,76,70.67,Investment Banker
474,Vihaan Kapoor,Male,80,94,64,79.33,Entrepreneur
475,Myra Malhotra,Male,64,82,88,78.0,Economist
476,Krishna Mishra,Male,85,69,98,84.0,Entrepreneur
477,Meera Reddy,Female,71,76,71,72.67,Investment Banker
478,Ayaan Sharma,Male,86,82,82,83.33,Chartered Accountant
479,Arjun Mishra,Female,65,98,73,78.67,Economist
480,Myra Chopra,Male,70,89,78,79.0,Financial Analyst
481,Aarav Pillai,Female,75,70,99,81.33,Tax Consultant
482,Krishna Gupta,Male,95,83,72,83.33,Chartered Accountant
483,Aarav Malhotra,Female,78,80,100,86.0,Investment Banker
484,Ananya Tiwari,Female,73,81,73,75.67,Business Manager
485,Anika Verma,Male,91,75,88,84.67,Financial Analyst
486,Aarav Pillai,Female,66,100,84,83.33,Economist
487,Myra Tiwari,Female,88,84,68,80.0,Company Secretary
488,Rohan Kapoor,Male,93,77,100,90.0,Company Secretary
489,Ishaan Mishra,Male,100,98,88,95.33,Economist
490,Myra Malhotra,Female,87,97,98,94.0,Marketing Executive
491,Arjun Mehta,Female,77,80,77,78.0,Business Manager
492,Pari Yadav,Male,68,86,71,75.0,Tax Consultant
493,Pari Singh,Male,90,60,88,79.33,Financial Analyst
494,Anika Malhotra,Female,86,74,78,79.33,Entrepreneur
495,Ayaan Malhotra,Female,77,92,62,77.0,Chartered Accountant
496,Aditya Kumar,Female,94,70,73,79.0,Economist
497,Meera Tiwari,Male,98,91,66,85.0,Investment Banker
498,Saanvi Patel,Male,94,89,86,89.67,Financial Analyst
499,Ira Kumar,Male,66,65,62,64.33,Tax Consultant
500,Diya Gupta,Male,91,81,91,87.67,Tax Consultant
501,Meera Bansal,Female,99,65,94,86.0,Entrepreneur
502,Saanvi Ghosh,Female,89,87,80,85.33,Economist
503,Aditya Tiwari,Female,83,70,77,76.67,Company Secretary
504,Reyansh Malhotra,Male,72,94,75,80.33,Economist
505,Anika Sharma,Male,81,93,77,83.67,Company Secretary
506,Anika Patel,Female,95,72,95,87.33,Entrepreneur
507,Saanvi Das,Female,72,74,95,80.33,Marketing Executive
508,Aadhya Gupta,Male,64,87,76,75.67,Financial Analyst
509,Aditya Sharma,Female,87,85,73,81.67,Entrepreneur
510,Diya Verma,Male,75,94,69,79.33,Tax Consultant
511,Arjun Mehta,Female,89,100,73,87.33,Economist
512,Aarav Pillai,Male,81,66,73,73.33,Financial Analyst
513,Kiara Kumar,Female,68,70,67,68.33,Company Secretary
514,Ira Mishra,Female,97,67,76,80.0,Entrepreneur
515,Arjun Malhotra,Female,87,79,98,88.0,Financial Analyst
516,Saanvi Joshi,Female,61,74,78,71.0,Economist
517,Vihaan Reddy,Male,98,92,92,94.0,Business Manager
518,Aadhya Das,Male,92,89,90,90.33,Marketing Executive
519,Vivaan Mishra,Male,61,96,96,84.33,Company Secretary
520,Aadhya Verma,Male,73,69,84,75.33,Entrepreneur
521,Ira Yadav,Male,72,77,91,80.0,Financial Analyst
522,Rohan Malhotra,Female,76,62,72,70.0,Tax Consultant
523,Ananya Kapoor,Female,89,62,78,76.33,Chartered Accountant
524,Arjun Reddy,Male,87,93,81,87.0,Economist
525,Ira Tiwari,Male,73,63,69,68.33,Chartered Accountant
526,Diya Das,Female,94,79,97,90.0,Auditor
527,Rohan Chopra,Female,83,83,65,77.0,Economist
528,Ananya Sharma,Male,70,82,61,71.0,Business Manager
529,Diya Patel,Male,61,61,90,70.67,Financial Analyst
530,Diya Mishra,Female,77,93,89,86.33,Company Secretary
531,Diya Gupta,Male,84,62,69,71.67,Auditor
532,Rohan Sharma,Male,61,82,83,75.33,Financial Analyst
533,Diya Verma,Male,76,60,89,75.0,Marketing Executive
534,Saanvi Ghosh,Female,83,75,99,85.67,Chartered Accountant
535,Diya Mehta,Male,99,87,61,82.33,Tax Consultant
536,Aarav Mishra,Male,89,88,88,88.33,Company Secretary
537,Kiara Sharma,Male,70,87,68,75.0,Economist
538,Krishna Das,Female,100,87,67,84.67,Financial Analyst
539,Krishna Joshi,Male,79,98,79,85.33,Auditor
540,Ayaan Kapoor,Female,70,97,77,81.33,Tax Consultant
541,Saanvi Pillai,Female,72,90,88,83.33,Marketing Executive
542,Vihaan Mishra,Female,84,77,97,86.0,Company Secretary
543,Aditya Verma,Male,96,90,74,86.67,Auditor
544,Diya Kapoor,Male,80,72,69,73.67,Marketing Executive
545,Aditya Reddy,Female,85,62,72,73.0,Investment Banker
546,Ayaan Das,Female,89,76,91,85.33,Company Secretary
547,Ayaan Chopra,Male,88,88,93,89.67,Business Manager
548,Ishaan Singh,Female,86,81,74,80.33,Financial Analyst
549,Vihaan Bansal,Male,89,86,73,82.67,Entrepreneur
550,Vivaan Gupta,Male,68,76,67,70.33,Chartered Accountant
551,Ananya Verma,Female,95,66,61,74.0,Auditor
552,Reyansh Patel,Female,73,82,79,78.0,Auditor
553,Aadhya Gupta,Male,80,90,66,78.67,Tax Consultant
554,Vivaan Das,Male,85,76,80,80.33,Company Secretary
555,Diya Kumar,Male,62,62,71,65.0,Marketing Executive
556,Ira Singh,Female,70,74,64,69.33,Chartered Accountant
557,Anika Ghosh,Male,92,92,79,87.67,Business Manager
558,Diya Ghosh,Female,86,100,86,90.67,Tax Consultant
559,Aarav Das,Male,85,72,81,79.33,Economist
560,Ira Ghosh,Female,65,94,87,82.0,Tax Consultant
561,Ananya Joshi,Female,78,79,68,75.0,Company Secretary
562,Diya Nair,Female,71,95,99,88.33,Entrepreneur
563,Saanvi Ghosh,Male,60,63,96,73.0,Auditor
564,Vihaan Sharma,Male,87,70,80,79.0,Entrepreneur
565,Ishaan Sharma,Female,96,79,84,86.33,Entrepreneur
566,Pari Mishra,Male,88,82,95,88.33,Tax Consultant
567,Pari Patel,Female,67,76,64,69.0,Auditor
568,Aarav Kumar,Female,86,85,62,77.67,Auditor
569,Ira Mehta,Male,85,73,85,81.0,Marketing Executive
570,Anika Kumar,Male,83,80,85,82.67,Entrepreneur
571,Saanvi Tiwari,Female,82,67,71,73.33,Marketing Executive
572,Pari Malhotra,Male,98,90,91,93.0,Auditor
573,Saanvi Bansal,Male,82,78,83,81.0,Marketing Executive
574,Aarav Mehta,Female,76,84,79,79.67,Auditor
575,Vihaan Reddy,Male,95,78,63,78.67,Auditor
576,Rohan Das,Male,84,78,75,79.0,Economist
577,Meera Bansal,Female,90,83,98,90.33,Tax Consultant
578,Ishaan Nair,Male,80,91,78,83.0,Chartered Accountant
579,Ishaan Joshi,Male,87,68,61,72.0,Entrepreneur
580,Arjun Mehta,Female,75,80,96,83.67,Auditor
581,Saanvi Tiwari,Female,99,92,61,84.0,Chartered Accountant
582,Ayaan Singh,Female,97,94,69,86.67,Auditor
583,Aditya Chopra,Female,62,87,80,76.33,Chartered Accountant
584,Aditya Patel,Male,74,100,79,84.33,Tax Consultant
585,Ira Pillai,Female,73,82,77,77.33,Investment Banker
586,Arjun Yadav,Male,67,79,90,78.67,Business Manager
587,Pari Joshi,Female,81,66,80,75.67,Entrepreneur
588,Ayaan Tiwari,Male,79,75,96,83.33,Marketing Executive
589,Myra Chopra,Female,63,60,75,66.0,Company Secretary
590,Reyansh Kapoor,Female,73,87,68,76.0,Business Manager
591,Arjun Verma,Female,79,89,72,80.0,Auditor
592,Ishaan Gupta,Male,65,74,61,66.67,Entrepreneur
593,Myra Kapoor,Male,86,71,83,80.0,Financial Analyst
594,Reyansh Gupta,Female,79,73,74,75.33,Entrepreneur
595,Ananya Bansal,Female,63,90,85,79.33,Chartered Accountant
596,Saanvi Bansal,Male,71,92,76,79.67,Tax Consultant
597,Pari Reddy,Male,69,83,93,81.67,Financial Analyst
598,Aditya Mehta,Female,100,60,99,86.33,Auditor
599,Ishaan Nair,Female,68,88,89,81.67,Entrepreneur
600,Vihaan Sharma,Female,89,63,87,79.67,Entrepreneur
601,Ananya Mehta,Male,74,75,60,69.67,Chartered Accountant
602,Arjun Yadav,Male,65,83,67,71.67,Chartered Accountant
603,Ira Ghosh,Male,99,73,76,82.67,Entrepreneur
604,Aadhya Malhotra,Female,94,60,93,82.33,Business Manager
605,Arjun Patel,Female,91,79,94,88.0,Tax Consultant
606,Diya Nair,Female,94,74,87,85.0,Company Secretary
607,Saanvi Gupta,Female,79,82,100,87.0,Auditor
608,Anika Singh,Female,84,95,90,89.67,Entrepreneur
609,Reyansh Kumar,Male,99,60,72,77.0,Marketing Executive
610,Ayaan Bansal,Male,65,75,70,70.0,Financial Analyst
611,Myra Tiwari,Male,99,86,77,87.33,Tax Consultant
612,Anika Sharma,Female,82,82,76,80.0,Chartered Accountant
613,Anika Ghosh,Male,73,62,72,69.0,Investment Banker
614,Krishna Yadav,Male,92,80,93,88.33,Investment Banker
615,Kiara Verma,Male,78,65,72,71.67,Business Manager
616,Saanvi Gupta,Female,78,75,91,81.33,Entrepreneur
617,Diya Kapoor,Male,75,97,94,88.67,Company Secretary
618,Myra Nair,Female,70,82,60,70.67,Business Manager
619,Saanvi Sharma,Female,89,81,68,79.33,Auditor
620,Myra Ghosh,Female,60,94,60,71.33,Marketing Executive
621,Reyansh Yadav,Male,65,88,68,73.67,Business Manager
622,Aarav Singh,Female,70,95,94,86.33,Economist
623,Ayaan Yadav,Female,88,74,67,76.33,Investment Banker
624,Kiara Pillai,Male,89,90,94,91.0,Economist
625,Meera Kapoor,Female,95,80,74,83.0,Entrepreneur
626,Ayaan Yadav,Female,78,80,71,76.33,Auditor
627,Aarav Pillai,Male,78,98,86,87.33,Investment Banker
628,Ishaan Nair,Female,67,75,83,75.0,Economist
629,Anika Tiwari,Male,82,68,64,71.33,Marketing Executive
630,Anika Malhotra,Male,96,96,68,86.67,Economist
631,Ishaan Pillai,Male,74,83,61,72.67,Chartered Accountant
632,Ira Bansal,Male,66,80,78,74.67,Company Secretary
633,Myra Ghosh,Female,98,91,100,96.33,Business Manager
634,Aadhya Chopra,Male,91,71,74,78.67,Financial Analyst
635,Aadhya Reddy,Male,99,65,73,79.0,Auditor
636,Meera Bansal,Male,82,99,89,90.0,Company Secretary
637,Ishaan Mishra,Female,64,81,97,80.67,Entrepreneur
638,Ananya Patel,Female,89,78,74,80.33,Investment Banker
639,Arjun Gupta,Female,79,89,94,87.33,Chartered Accountant
640,Ananya Patel,Female,71,89,66,75.33,Economist
641,Ira Nair,Male,98,67,100,88.33,Marketing Executive
642,Ananya Nair,Male,68,93,92,84.33,Financial Analyst
643,Ishaan Gupta,Male,78,83,80,80.33,Marketing Executive
644,Rohan Pillai,Male,84,92,92,89.33,Financial Analyst
645,Krishna Nair,Male,77,81,60,72.67,Auditor
646,Aadhya Verma,Female,66,100,66,77.33,Auditor
647,Arjun Mehta,Female,89,93,66,82.67,Financial Analyst
648,Aditya Tiwari,Female,63,62,94,73.0,Chartered Accountant
649,Vivaan Das,Male,80,85,90,85.0,Economist
650,Meera Malhotra,Male,95,87,83,88.33,Financial Analyst
651,Vihaan Bansal,Male,88,96,95,93.0,Investment Banker
652,Krishna Pillai,Female,70,99,100,89.67,Auditor
653,Aarav Tiwari,Male,79,60,85,74.67,Entrepreneur
654,Krishna Mishra,Female,74,66,71,70.33,Economist
655,Vivaan Das,Female,61,76,89,75.33,Tax Consultant
656,Rohan Das,Male,67,87,68,74.0,Auditor
657,Meera Reddy,Male,91,62,68,73.67,Financial Analyst
658,Aarav Reddy,Male,71,76,97,81.33,Financial Analyst
659,Aadhya Gupta,Female,94,75,82,83.67,Business Manager
660,Ayaan Joshi,Male,85,85,84,84.67,Financial Analyst
661,Vivaan Malhotra,Male,92,88,84,88.0,Company Secretary
662,Reyansh Bansal,Male,81,98,97,92.0,Economist
663,Vivaan Pillai,Male,99,98,97,98.0,Financial Analyst
664,Anika Joshi,Male,95,97,74,88.67,Investment Banker
665,Meera Mishra,Male,79,80,65,74.67,Economist
666,Krishna Patel,Male,61,71,69,67.0,Business Manager
667,Meera Pillai,Female,97,96,97,96.67,Business Manager
668,Ishaan Joshi,Female,61,90,95,82.0,Financial Analyst
669,Rohan Mishra,Male,69,92,87,82.67,Economist
670,Aarav Mishra,Female,90,90,95,91.67,Investment Banker
671,Vihaan Pillai,Female,67,63,90,73.33,Economist
672,Krishna Kumar,Male,88,65,66,73.0,Investment Banker
673,Arjun Ghosh,Female,81,68,95,81.33,Investment Banker
674,Myra Ghosh,Male,87,67,86,80.0,Auditor
675,Diya Pillai,Female,60,69,97,75.33,Economist
676,Ayaan Reddy,Female,98,66,83,82.33,Investment Banker
677,Reyansh Gupta,Male,61,64,62,62.33,Business Manager
678,Aditya Singh,Male,84,93,91,89.33,Business Manager
679,Vihaan Kapoor,Male,64,93,80,79.0,Chartered Accountant
680,Aarav Pillai,Male,67,85,85,79.0,Chartered Accountant
681,Arjun Malhotra,Male,87,100,79,88.67,Investment Banker
682,Rohan Reddy,Female,91,61,64,72.0,Chartered Accountant
683,Myra Joshi,Male,70,66,87,74.33,Tax Consultant
684,Krishna Joshi,Male,94,67,62,74.33,Financial Analyst
685,Myra Nair,Female,61,70,92,74.33,Financial Analyst
686,Arjun Mehta,Female,93,72,69,78.0,Company Secretary
687,Aditya Mishra,Male,62,69,83,71.33,Investment Banker
688,Reyansh Mishra,Female,93,71,88,84.0,Investment Banker
689,Aadhya Malhotra,Male,69,64,92,75.0,Investment Banker
690,Myra Yadav,Female,96,72,83,83.67,Tax Consultant
691,Kiara Pillai,Female,84,88,74,82.0,Marketing Executive
692,Pari Mehta,Male,76,97,82,85.0,Entrepreneur
693,Aditya Gupta,Male,72,65,67,68.0,Economist
694,Saanvi Joshi,Male,88,75,65,76.0,Tax Consultant
695,Meera Sharma,Male,89,66,67,74.0,Marketing Executive
696,Kiara Nair,Male,64,62,69,65.0,Chartered Accountant
697,Aditya Kapoor,Male,75,91,83,83.0,Entrepreneur
698,Myra Malhotra,Female,93,66,61,73.33,Chartered Accountant
699,Myra Bansal,Female,96,81,68,81.67,Auditor
700,Reyansh Singh,Male,92,85,78,85.0,Investment Banker
701,Aadhya Joshi,Male,93,61,94,82.67,Auditor
702,Ira Joshi,Male,96,94,63,84.33,Auditor
703,Arjun Pillai,Male,84,83,89,85.33,Financial Analyst
704,Aadhya Mehta,Male,96,71,78,81.67,Company Secretary
705,Rohan Reddy,Male,68,82,92,80.67,Financial Analyst
706,Vihaan Reddy,Female,72,70,66,69.33,Chartered Accountant
707,Krishna Reddy,Male,73,75,83,77.0,Entrepreneur
708,Vihaan Reddy,Female,63,83,96,80.67,Company Secretary
709,Vihaan Joshi,Male,97,71,86,84.67,Chartered Accountant
710,Reyansh Verma,Female,100,76,72,82.67,Marketing Executive
711,Saanvi Kumar,Male,78,98,100,92.0,Tax Consultant
712,Myra Mehta,Female,85,69,99,84.33,Marketing Executive
713,Ananya Patel,Male,69,75,63,69.0,Chartered Accountant
714,Vivaan Yadav,Female,72,64,83,73.0,Tax Consultant
715,Myra Malhotra,Female,93,86,60,79.67,Investment Banker
716,Meera Kapoor,Male,90,85,96,90.33,Entrepreneur
717,Diya Tiwari,Male,92,87,100,93.0,Chartered Accountant
718,Diya Joshi,Female,93,98,77,89.33,Financial Analyst
719,Vivaan Das,Female,60,85,67,70.67,Chartered Accountant
720,Krishna Joshi,Female,85,68,78,77.0,Marketing Executive
721,Saanvi Reddy,Female,77,73,82,77.33,Economist
722,Pari Sharma,Male,71,80,100,83.67,Financial Analyst
723,Reyansh Pillai,Female,94,60,64,72.67,Marketing Executive
724,Diya Nair,Male,90,60,80,76.67,Company Secretary
725,Saanvi Pillai,Male,90,93,72,85.0,Chartered Accountant
726,Kiara Singh,Female,81,77,76,78.0,Tax Consultant
727,Anika Yadav,Male,97,66,81,81.33,Marketing Executive
728,Reyansh Mehta,Male,98,73,85,85.33,Financial Analyst
729,Ananya Das,Female,72,78,68,72.67,Marketing Executive
730,Aditya Patel,Female,62,61,70,64.33,Tax Consultant
731,Anika Verma,Male,88,64,62,71.33,Economist
732,Aadhya Mishra,Male,91,100,84,91.67,Auditor
733,Kiara Reddy,Female,89,74,79,80.67,Tax Consultant
734,Krishna Joshi,Male,88,100,68,85.33,Financial Analyst
735,Ananya Malhotra,Female,70,69,91,76.67,Entrepreneur
736,Ishaan Das,Female,93,61,92,82.0,Chartered Accountant
737,Aadhya Reddy,Female,66,89,68,74.33,Investment Banker
738,Saanvi Bansal,Female,70,70,74,71.33,Entrepreneur
739,Aditya Nair,Male,75,71,84,76.67,Company Secretary
740,Ayaan Gupta,Female,86,86,99,90.33,Investment Banker
741,Rohan Ghosh,Female,64,81,66,70.33,Investment Banker
742,Ayaan Verma,Male,79,93,95,89.0,Entrepreneur
743,Meera Tiwari,Male,74,96,62,77.33,Company Secretary
744,Diya Mishra,Male,86,77,77,80.0,Marketing Executive
745,Rohan Kapoor,Female,66,80,95,80.33,Marketing Executive
746,Aadhya Malhotra,Male,85,70,62,72.33,Entrepreneur
747,Reyansh Pillai,Male,74,77,99,83.33,Tax Consultant
748,Rohan Singh,Male,100,66,65,77.0,Business Manager
749,Ishaan Verma,Female,84,74,77,78.33,Chartered Accountant
750,Arjun Ghosh,Female,73,64,76,71.0,Financial Analyst
751,Aarav Reddy,Female,64,76,77,72.33,Chartered Accountant
752,Ananya Ghosh,Male,100,74,76,83.33,Auditor
753,Ira Singh,Male,91,96,66,84.33,Tax Consultant
754,Myra Sharma,Female,93,78,91,87.33,Chartered Accountant
755,Reyansh Tiwari,Female,69,76,77,74.0,Investment Banker
756,Ayaan Gupta,Male,78,71,91,80.0,Investment Banker
757,Vivaan Mishra,Female,64,90,73,75.67,Marketing Executive
758,Meera Kumar,Female,61,75,100,78.67,Chartered Accountant
759,Aditya Ghosh,Male,80,87,86,84.33,Auditor
760,Krishna Patel,Female,83,67,75,75.0,Chartered Accountant
761,Ayaan Verma,Male,83,99,76,86.0,Financial Analyst
762,Vihaan Patel,Female,98,99,83,93.33,Financial Analyst
763,Reyansh Reddy,Male,94,77,95,88.67,Entrepreneur
764,Rohan Yadav,Male,93,64,81,79.33,Company Secretary
765,Anika Tiwari,Female,76,86,79,80.33,Business Manager
766,Saanvi Chopra,Female,88,61,100,83.0,Economist
767,Ayaan Ghosh,Male,89,99,76,88.0,Chartered Accountant
768,Ananya Tiwari,Female,81,83,78,80.67,Tax Consultant
769,Krishna Tiwari,Female,96,100,86,94.0,Investment Banker
770,Arjun Mishra,Female,82,97,77,85.33,Company Secretary
771,Kiara Singh,Female,69,99,90,86.0,Business Manager
772,Ira Chopra,Female,69,66,92,75.67,Chartered Accountant
773,Meera Singh,Female,95,61,95,83.67,Chartered Accountant
774,Krishna Kapoor,Female,82,92,66,80.0,Chartered Accountant
775,Meera Nair,Female,62,69,85,72.0,Business Manager
776,Krishna Malhotra,Female,95,95,95,95.0,Company Secretary
777,Arjun Gupta,Female,64,93,95,84.0,Company Secretary
778,Aditya Patel,Female,86,65,64,71.67,Chartered Accountant
779,Saanvi Verma,Male,66,89,67,74.0,Company Secretary
780,Aarav Verma,Female,61,67,63,63.67,Economist
781,Arjun Yadav,Female,99,89,60,82.67,Investment Banker
782,Aarav Das,Male,71,72,64,69.0,Marketing Executive
783,Arjun Joshi,Female,93,65,81,79.67,Tax Consultant
784,Aadhya Verma,Female,87,82,60,76.33,Tax Consultant
785,Diya Das,Male,100,86,71,85.67,Company Secretary
786,Aditya Malhotra,Female,83,87,92,87.33,Economist
787,Aarav Yadav,Female,66,98,92,85.33,Company Secretary
788,Anika Chopra,Female,69,67,90,75.33,Marketing Executive
789,Ishaan Malhotra,Female,79,95,66,80.0,Chartered Accountant
790,Ishaan Kumar,Female,97,61,91,83.0,Chartered Accountant
791,Vihaan Joshi,Male,74,77,69,73.33,Tax Consultant
792,Ananya Mehta,Male,77,99,96,90.67,Tax Consultant
793,Vihaan Kapoor,Female,75,67,65,69.0,Investment Banker
794,Kiara Pillai,Female,79,98,65,80.67,Marketing Executive
795,Meera Pillai,Male,100,81,66,82.33,Company Secretary
796,Ishaan Mehta,Female,79,73,89,80.33,Financial Analyst
797,Pari Ghosh,Male,61,91,94,82.0,Company Secretary
798,Arjun Patel,Male,95,73,86,84.67,Marketing Executive
799,Rohan Chopra,Female,90,90,99,93.0,Company Secretary
800,Rohan Patel,Male,71,81,76,76.0,Economist
801,Vivaan Chopra,Male,65,93,62,73.33,Entrepreneur
802,Meera Bansal,Female,76,76,83,78.33,Investment Banker
803,Ananya Pillai,Male,72,90,60,74.0,Financial Analyst
804,Meera Nair,Male,79,65,98,80.67,Auditor
805,Diya Sharma,Female,82,85,64,77.0,Economist
806,Aditya Gupta,Male,90,72,99,87.0,Business Manager
807,Saanvi Chopra,Female,79,71,69,73.0,Entrepreneur
808,Kiara Mehta,Female,92,99,77,89.33,Economist
809,Meera Sharma,Female,60,82,83,75.0,Financial Analyst
810,Pari Verma,Female,64,62,85,70.33,Entrepreneur
811,Myra Reddy,Female,67,69,65,67.0,Marketing Executive
812,Arjun Mehta,Male,64,87,62,71.0,Financial Analyst
813,Krishna Tiwari,Female,75,100,76,83.67,Company Secretary
814,Arjun Nair,Male,89,86,92,89.0,Marketing Executive
815,Vihaan Tiwari,Female,87,97,68,84.0,Auditor
816,Krishna Joshi,Female,69,95,66,76.67,Investment Banker
817,Meera Singh,Female,82,72,74,76.0,Company Secretary
818,Aarav Gupta,Female,82,72,80,78.0,Chartered Accountant
819,Vihaan Mishra,Female,91,63,88,80.67,Business Manager
820,Vivaan Pillai,Female,80,69,72,73.67,Auditor
821,Diya Yadav,Female,62,65,82,69.67,Auditor
822,Aarav Pillai,Male,78,86,70,78.0,Auditor
823,Kiara Mishra,Male,79,83,72,78.0,Chartered Accountant
824,Pari Joshi,Male,66,94,73,77.67,Tax Consultant
825,Arjun Mishra,Male,76,95,96,89.0,Business Manager
826,Ayaan Ghosh,Male,99,63,92,84.67,Auditor
827,Rohan Das,Female,87,75,62,74.67,Marketing Executive
828,Kiara Malhotra,Male,95,67,93,85.0,Tax Consultant
829,Aadhya Malhotra,Female,100,92,83,91.67,Company Secretary
830,Anika Verma,Male,87,85,87,86.33,Tax Consultant
831,Ayaan Yadav,Male,60,70,91,73.67,Tax Consultant
832,Meera Pillai,Male,91,63,75,76.33,Business Manager
833,Myra Das,Male,67,65,82,71.33,Chartered Accountant
834,Rohan Chopra,Male,100,73,94,89.0,Business Manager
835,Diya Tiwari,Male,94,79,84,85.67,Entrepreneur
836,Vihaan Sharma,Female,100,82,73,85.0,Marketing Executive
837,Ishaan Malhotra,Female,98,92,72,87.33,Financial Analyst
838,Ira Kumar,Male,94,62,72,76.0,Investment Banker
839,Diya Mehta,Female,77,66,96,79.67,Company Secretary
840,Anika Tiwari,Male,60,84,65,69.67,Investment Banker
841,Saanvi Nair,Male,100,86,96,94.0,Financial Analyst
842,Aarav Kumar,Female,81,93,74,82.67,Economist
843,Ananya Pillai,Female,95,63,89,82.33,Entrepreneur
844,Arjun Gupta,Male,62,93,62,72.33,Tax Consultant
845,Meera Bansal,Female,73,100,96,89.67,Financial Analyst
846,Ishaan Ghosh,Male,76,61,68,68.33,Investment Banker
847,Rohan Joshi,Male,71,95,69,78.33,Business Manager
848,Pari Patel,Female,72,92,92,85.33,Company Secretary
849,Pari Singh,Female,92,91,65,82.67,Entrepreneur
850,Diya Chopra,Female,89,85,87,87.0,Economist
851,Aditya Tiwari,Male,94,60,73,75.67,Auditor
852,Rohan Joshi,Female,75,100,96,90.33,Financial Analyst
853,Meera Bansal,Male,90,93,67,83.33,Business Manager
854,Vivaan Gupta,Female,100,62,84,82.0,Investment Banker
855,Ananya Reddy,Female,69,60,66,65.0,Auditor
856,Aarav Ghosh,Female,95,72,82,83.0,Marketing Executive
857,Kiara Singh,Male,64,84,78,75.33,Marketing Executive
858,Ayaan Singh,Male,99,81,89,89.67,Marketing Executive
859,Arjun Patel,Male,93,64,81,79.33,Company Secretary
860,Saanvi Singh,Male,77,79,85,80.33,Auditor
861,Saanvi Yadav,Female,80,97,70,82.33,Marketing Executive
862,Pari Mehta,Male,76,89,80,81.67,Investment Banker
863,Meera Nair,Male,98,86,87,90.33,Business Manager
864,Ananya Kumar,Female,72,67,97,78.67,Business Manager
865,Saanvi Gupta,Female,94,60,100,84.67,Marketing Executive
866,Anika Kumar,Male,71,92,96,86.33,Entrepreneur
867,Ayaan Kumar,Female,63,71,67,67.0,Chartered Accountant
868,Ishaan Gupta,Male,60,67,71,66.0,Auditor
869,Vihaan Nair,Male,73,75,95,81.0,Chartered Accountant
870,Ananya Pillai,Male,86,95,98,93.0,Auditor
871,Diya Mehta,Male,72,87,94,84.33,Company Secretary
872,Aadhya Pillai,Male,74,83,80,79.0,Auditor
873,Krishna Mehta,Female,90,73,86,83.0,Tax Consultant
874,Myra Singh,Male,86,75,73,78.0,Business Manager
875,Reyansh Bansal,Female,98,84,74,85.33,Tax Consultant
876,Aadhya Nair,Male,96,98,74,89.33,Marketing Executive
877,Anika Ghosh,Male,95,97,68,86.67,Company Secretary
878,Krishna Yadav,Male,92,62,81,78.33,Economist
879,Anika Joshi,Male,91,83,73,82.33,Tax Consultant
880,Vivaan Yadav,Male,81,90,61,77.33,Marketing Executive
881,Saanvi Yadav,Female,62,81,60,67.67,Financial Analyst
882,Myra Ghosh,Female,89,65,67,73.67,Marketing Executive
883,Ayaan Nair,Male,78,76,71,75.0,Company Secretary
884,Vihaan Verma,Female,95,82,82,86.33,Tax Consultant
885,Rohan Kumar,Female,69,61,67,65.67,Financial Analyst
886,Aarav Verma,Female,65,70,87,74.0,Company Secretary
887,Ishaan Yadav,Male,81,94,98,91.0,Investment Banker
888,Ira Chopra,Female,90,61,72,74.33,Economist
889,Ira Verma,Female,84,97,60,80.33,Financial Analyst
890,Pari Gupta,Male,65,78,86,76.33,Financial Analyst
891,Rohan Malhotra,Male,99,79,87,88.33,Economist
892,Arjun Reddy,Female,67,95,72,78.0,Chartered Accountant
893,Ananya Chopra,Male,71,81,85,79.0,Auditor
894,Meera Das,Male,80,62,94,78.67,Marketing Executive
895,Diya Kumar,Male,65,66,70,67.0,Investment Banker
896,Ishaan Mishra,Female,98,90,84,90.67,Company Secretary
897,Aadhya Das,Male,60,67,70,65.67,Economist
898,Aarav Nair,Female,77,74,74,75.0,Company Secretary
899,Ananya Joshi,Female,62,93,71,75.33,Financial Analyst
900,Kiara Chopra,Male,89,79,86,84.67,Company Secretary
901,Aarav Patel,Male,75,62,61,66.0,Company Secretary
902,Reyansh Bansal,Female,83,89,72,81.33,Financial Analyst
903,Reyansh Mishra,Male,71,93,89,84.33,Tax Consultant
904,Reyansh Mishra,Male,88,96,98,94.0,Financial Analyst
905,Aarav Reddy,Male,98,92,66,85.33,Marketing Executive
906,Kiara Gupta,Male,66,92,78,78.67,Financial Analyst
907,Myra Singh,Male,70,97,77,81.33,Auditor
908,Anika Bansal,Female,60,92,69,73.67,Tax Consultant
909,Ira Mishra,Female,92,87,95,91.33,Auditor
910,Myra Nair,Male,65,84,99,82.67,Business Manager
911,Pari Yadav,Male,93,63,64,73.33,Financial Analyst
912,Rohan Joshi,Male,85,81,88,84.67,Marketing Executive
913,Ira Singh,Female,74,81,100,85.0,Business Manager
914,Aditya Das,Female,79,89,99,89.0,Financial Analyst
915,Diya Mehta,Female,78,89,73,80.0,Financial Analyst
916,Ira Kumar,Male,77,66,98,80.33,Auditor
917,Aadhya Joshi,Female,68,84,64,72.0,Chartered Accountant
918,Saanvi Kumar,Female,79,62,68,69.67,Financial Analyst
919,Meera Patel,Female,70,60,82,70.67,Business Manager
920,Ira Bansal,Female,90,99,70,86.33,Company Secretary
921,Meera Joshi,Male,70,86,68,74.67,Economist
922,Vihaan Mishra,Female,64,78,77,73.0,Auditor
923,Arjun Mishra,Female,99,98,89,95.33,Company Secretary
924,Saanvi Gupta,Male,91,88,81,86.67,Economist
925,Myra Mishra,Male,81,82,91,84.67,Company Secretary
926,Kiara Das,Male,98,91,80,89.67,Company Secretary
927,Ananya Bansal,Male,90,83,75,82.67,Marketing Executive
928,Ananya Tiwari,Female,62,84,68,71.33,Chartered Accountant
929,Vivaan Pillai,Female,65,64,97,75.33,Economist
930,Rohan Joshi,Male,71,69,61,67.0,Marketing Executive
931,Ananya Joshi,Male,90,67,91,82.67,Investment Banker
932,Rohan Singh,Female,81,85,84,83.33,Auditor
933,Pari Kapoor,Male,72,96,61,76.33,Chartered Accountant
934,Vivaan Pillai,Male,91,76,71,79.33,Economist
935,Ananya Mehta,Male,71,100,88,86.33,Auditor
936,Saanvi Das,Female,96,71,83,83.33,Investment Banker
937,Aditya Kapoor,Male,88,60,62,70.0,Tax Consultant
938,Kiara Yadav,Male,76,68,69,71.0,Financial Analyst
939,Aarav Chopra,Female,92,73,70,78.33,Economist
940,Arjun Sharma,Female,66,91,62,73.0,Economist
941,Meera Mishra,Male,63,78,86,75.67,Investment Banker
942,Aarav Patel,Male,92,68,67,75.67,Economist
943,Ananya Ghosh,Male,76,81,93,83.33,Entrepreneur
944,Ayaan Mishra,Male,99,65,86,83.33,Company Secretary
945,Krishna Malhotra,Male,77,86,71,78.0,Marketing Executive
946,Aadhya Patel,Female,94,99,76,89.67,Tax Consultant
947,Ishaan Kapoor,Female,97,88,88,91.0,Chartered Accountant
948,Rohan Kapoor,Female,95,79,65,79.67,Entrepreneur
949,Meera Das,Male,61,61,74,65.33,Business Manager
950,Reyansh Joshi,Male,70,76,70,72.0,Investment Banker
951,Vivaan Bansal,Male,92,75,93,86.67,Financial Analyst
952,Meera Joshi,Male,99,84,97,93.33,Auditor
953,Meera Das,Female,84,99,66,83.0,Company Secretary
954,Vihaan Reddy,Male,88,84,83,85.0,Auditor
955,Aadhya Bansal,Female,61,67,97,75.0,Auditor
956,Reyansh Mehta,Male,65,71,75,70.33,Chartered Accountant
957,Diya Chopra,Male,60,80,69,69.67,Financial Analyst
958,Ishaan Yadav,Male,72,61,63,65.33,Marketing Executive
959,Diya Pillai,Male,92,95,97,94.67,Investment Banker
960,Kiara Sharma,Female,91,77,100,89.33,Entrepreneur
961,Ira Joshi,Female,68,88,93,83.0,Company Secretary
962,Ishaan Joshi,Female,65,90,96,83.67,Marketing Executive
963,Ishaan Singh,Female,89,60,85,78.0,Auditor
964,Anika Kapoor,Male,86,61,79,75.33,Chartered Accountant
965,Aarav Das,Female,97,84,65,82.0,Auditor
966,Arjun Joshi,Male,83,80,65,76.0,Tax Consultant
967,Vivaan Gupta,Female,66,72,76,71.33,Company Secretary
968,Pari Kapoor,Female,74,81,82,79.0,Economist
969,Meera Nair,Male,85,73,67,75.0,Chartered Accountant
970,Saanvi Malhotra,Female,81,63,94,79.33,Company Secretary
971,Aditya Sharma,Female,94,93,89,92.0,Chartered Accountant
972,Meera Kapoor,Female,74,65,63,67.33,Tax Consultant
973,Ananya Sharma,Female,65,65,94,74.67,Marketing Executive
974,Vivaan Patel,Male,98,81,96,91.67,Financial Analyst
975,Ananya Singh,Male,68,77,77,74.0,Chartered Accountant
976,Krishna Yadav,Male,61,69,76,68.67,Business Manager
977,Arjun Mishra,Female,70,76,86,77.33,Investment Banker
978,Pari Kumar,Male,69,94,65,76.0,Auditor
979,Pari Verma,Female,87,78,62,75.67,Investment Banker
980,Ishaan Ghosh,Female,98,90,73,87.0,Entrepreneur
981,Vivaan Das,Male,70,94,75,79.67,Tax Consultant
982,Aditya Sharma,Female,94,79,70,81.0,Chartered Accountant
983,Saanvi Pillai,Male,88,89,61,79.33,Entrepreneur
984,Arjun Singh,Female,76,65,68,69.67,Auditor
985,Aditya Malhotra,Female,74,80,90,81.33,Entrepreneur
986,Reyansh Malhotra,Male,82,90,61,77.67,Investment Banker
987,Krishna Das,Female,89,98,72,86.33,Financial Analyst
988,Kiara Sharma,Male,86,85,60,77.0,Marketing Executive
989,Ayaan Mehta,Male,66,85,71,74.0,Economist
990,Arjun Mishra,Male,93,64,94,83.67,Business Manager
991,Kiara Patel,Male,74,94,95,87.67,Marketing Executive
992,Reyansh Pillai,Male,63,84,94,80.33,Investment Banker
993,Kiara Chopra,Female,82,62,61,68.33,Tax Consultant
994,Pari Ghosh,Male,88,60,60,69.33,Company Secretary
995,Diya Malhotra,Female,71,84,69,74.67,Chartered Accountant
996,Krishna Mehta,Female,79,69,84,77.33,Business Manager
997,Diya Singh,Female,88,73,69,76.67,Tax Consultant
998,Myra Das,Female,98,89,99,95.33,Investment Banker
999,Aadhya Chopra,Female,66,68,65,66.33,Economist
1000,Kiara Reddy,Male,100,68,74,80.67,Company Secretary
